#{"t_start": 1744923385.571989, "env_id": "None"}
r,l,t
239.875,100,0.489946
-2041.8745,100,0.496672
4542.1105,100,0.503242
4647.5055,100,0.50972
-754.889,100,0.53651
7567.6315,100,0.54339
5847.033,100,0.550122
12642.5365,100,0.556896
9416.328,100,0.564412
8070.396,100,0.571245
7238.2045,100,0.632971
8325.4305,100,0.651615
2886.449,100,0.670689
10316.492,100,0.690075
16369.8935,100,0.709874
-7.1755,100,0.729563
9932.032,100,0.75017
8323.8585,100,0.768872
6495.1805,100,0.787696
2694.5825,100,0.806041
4582.3895,100,0.825113
2195.118,100,0.84282
9486.8755,100,0.860911
2209.4635,100,0.878781
8537.184,100,0.897578
8114.6985,100,0.915483
740.7935,100,0.933434
4705.727,100,0.951788
8099.7935,100,0.971786
8959.4595,100,0.990761
15569.606,100,1.010037
6321.8085,100,1.029086
5345.7065,100,1.04871
8007.623,100,1.067131
8605.303,100,1.085331
772.014,100,1.103419
6126.083,100,1.122308
8000.2155,100,1.140503
3319.1105,100,1.158631
6806.3035,100,1.177402
9211.0445,100,1.197767
9469.035,100,1.217234
9845.974,100,1.236655
10475.4275,100,1.255682
6944.4415,100,1.275043
10492.428,100,1.293675
276.1285,100,1.311987
3544.349,100,1.330111
11160.2055,100,1.348853
6811.561,100,1.366806
9670.3185,100,1.384952
4990.389,100,1.404147
5315.8925,100,1.424263
13937.019,100,1.443751
11322.221,100,1.463415
2418.848,100,1.482589
8786.9825,100,1.501979
4762.8905,100,1.520291
6544.3945,100,1.538832
2008.7165,100,1.5573
8625.1595,100,1.576746
11388.9315,100,1.595325
4253.5385,100,1.614023
-587.3845,100,1.632886
6540.0725,100,1.653489
7555.989,100,1.674517
3863.7925,100,1.695058
7082.985,100,1.715121
1008.137,100,1.735826
1766.7935,100,1.75526
10012.992,100,1.774141
10404.169,100,1.793459
7264.8755,100,1.818336
5870.943,100,1.836807
10909.2765,100,1.856235
5475.828,100,1.876583
3665.6335,100,1.897098
10547.716,100,1.917213
2353.0665,100,1.937051
6951.8565,100,1.956622
9203.5345,100,1.976673
14744.0495,100,1.995747
7107.227,100,2.013946
7610.892,100,2.0325
5393.6655,100,2.052003
10647.786,100,2.071177
5281.3985,100,2.090534
-1454.3605,100,2.110221
8094.955,100,2.130796
10874.9575,100,2.151057
5571.501,100,2.171043
8114.709,100,2.190471
4282.1955,100,2.210609
7908.034,100,2.22951
788.3905,100,2.24877
3438.5355,100,2.267959
5488.0295,100,2.287458
12201.4745,100,2.30695
8899.2405,100,2.326565
12684.9715,100,2.346468
5125.0055,100,2.368048
15956.3275,100,2.388113
4186.921,100,2.408234
13102.495,100,2.428215
10095.07,100,2.448849
8598.0875,100,2.467952
11063.42,100,2.487423
9444.9315,100,2.506771
10400.1375,100,2.526646
2992.975,100,2.546106
8037.693,100,2.56576
4412.7765,100,2.586487
2262.27,100,2.607676
9932.3415,100,2.628189
13638.1185,100,2.648533
1951.542,100,2.668554
8033.2055,100,2.689111
5755.1485,100,2.708425
11926.8205,100,2.727828
7010.9345,100,2.747119
8322.963,100,2.767735
4656.254,100,2.787288
4150.109,100,2.807567
7054.7365,100,2.827645
10497.6675,100,2.848383
9921.484,100,2.868828
6104.96,100,2.889689
11820.8055,100,2.91017
10269.213,100,2.931263
11382.686,100,2.951042
6400.469,100,2.971171
8674.7365,100,2.990863
3604.178,100,3.011585
10494.7025,100,3.031413
3098.3855,100,3.051591
3638.126,100,3.072708
1269.7815,100,3.094092
3675.6885,100,3.114771
9230.068,100,3.135927
7052.866,100,3.155951
4697.0295,100,3.177168
16329.817,100,3.196686
7499.587,100,3.216266
8586.8695,100,3.235818
1614.7605,100,3.256692
7983.637,100,3.276598
-1620.2285,100,3.297449
2587.439,100,3.318539
5654.061,100,3.340121
7157.3815,100,3.361311
14345.9825,100,3.382407
3060.5025,100,3.40271
7790.513,100,3.423956
10736.599,100,3.443392
7498.6195,100,3.463535
9093.6165,100,3.483556
7241.1025,100,3.504083
11245.843,100,3.524251
352.3915,100,3.545291
-735.3975,100,3.565793
8090.2895,100,3.587616
7952.3625,100,3.609081
2502.1925,100,3.630561
9996.75,100,3.651294
4412.9265,100,3.672606
-877.2585,100,3.693237
-4361.0555,100,3.713871
1565.6925,100,3.733768
5742.035,100,3.755298
-3931.3035,100,3.775322
8770.256,100,3.796514
4161.5765,100,3.817889
9949.244,100,3.83979
5510.0255,100,3.861187
5116.3465,100,3.882156
3852.85,100,3.903237
-269.129,100,3.924438
16649.441,100,3.945092
11546.7495,100,3.965363
7892.092,100,3.985915
2108.027,100,4.007195
782.239,100,4.027374
11140.0995,100,4.049168
10877.4965,100,4.070295
2858.9465,100,4.092439
3159.773,100,4.114062
3871.5325,100,4.135665
11905.614,100,4.156212
9936.4065,100,4.177229
10849.1285,100,4.197853
3491.1735,100,4.218307
5306.2275,100,4.239258
9253.368,100,4.261102
7184.8635,100,4.281321
5212.1035,100,4.302364
14798.169,100,4.324001
11013.103,100,4.346602
10104.3955,100,4.368351
11472.2805,100,4.389616
8057.0185,100,4.409744
6818.731,100,4.431824
8147.908,100,4.453068
12069.7335,100,4.473958
4858.5145,100,4.495058
9751.8525,100,4.516303
10148.818,100,4.536967
3841.7005,100,4.559066
6301.9,100,4.580752
7333.087,100,4.603158
3266.8,100,4.625159
10757.236,100,4.64666
13818.24,100,4.667806
9428.4625,100,4.689741
6560.0895,100,4.711321
6803.5465,100,4.732262
13899.33,100,4.752926
10714.0635,100,4.775024
14335.3335,100,4.796662
3013.48,100,4.818385
2361.6005,100,4.84035
8506.04,100,4.862694
9918.226,100,4.884498
7429.981,100,4.906338
11956.3585,100,4.92762
7087.3705,100,4.949317
11390.429,100,4.970507
18438.1655,100,4.991288
13237.8115,100,5.012547
13946.619,100,5.034566
11505.5915,100,5.056172
16068.6345,100,5.077972
14022.656,100,5.099806
5989.0785,100,5.122959
7613.247,100,5.145183
6118.8435,100,5.166958
9967.589,100,5.188443
12870.7135,100,5.210752
8987.3425,100,5.232236
12318.4805,100,5.253805
13322.8715,100,5.275124
9668.7435,100,5.297315
1163.8435,100,5.319314
18070.047,100,5.341547
7532.726,100,5.363625
9916.144,100,5.386552
19494.7525,100,5.409265
9524.637,100,5.430699
21025.7985,100,5.452277
8612.0085,100,5.474697
11062.9565,100,5.496438
13299.0085,100,5.518519
9528.283,100,5.540016
14539.867,100,5.562266
6931.299,100,5.583888
10136.1995,100,5.606219
2549.4125,100,5.628524
8634.2515,100,5.651803
6557.611,100,5.674496
10330.286,100,5.696713
8128.374,100,5.718685
7462.2445,100,5.741315
16951.3545,100,5.762789
11409.427,100,5.784435
3058.779,100,5.806073
6762.7895,100,5.828464
14402.943,100,5.850883
19257.0045,100,5.873344
10501.0425,100,5.896258
7105.5565,100,5.919639
9251.05,100,5.942578
16915.038,100,5.964921
14550.222,100,5.98681
9273.5645,100,6.009309
20816.0475,100,6.030876
7752.58,100,6.05248
11728.615,100,6.074222
13154.6125,100,6.098571
13733.264,100,6.121477
13216.721,100,6.144467
12152.8435,100,6.167237
9715.7145,100,6.191092
9175.5515,100,6.213809
15556.1625,100,6.236084
12299.8905,100,6.258062
13843.0315,100,6.280701
12882.1375,100,6.302663
7556.7205,100,6.324673
13918.4685,100,6.346571
6072.9545,100,6.369146
2281.4435,100,6.391684
5428.3465,100,6.414922
13049.7905,100,6.437876
8838.985,100,6.461499
6142.6885,100,6.484164
13516.1755,100,6.506573
9101.976,100,6.528936
13850.037,100,6.552243
10008.623,100,6.574442
16827.2605,100,6.596309
8992.609,100,6.618204
15652.086,100,6.64139
13677.4145,100,6.664352
14205.201,100,6.687393
9661.443,100,6.710666
8266.9465,100,6.735162
8486.717,100,6.757988
15159.109,100,6.780272
21278.1945,100,6.802534
11717.8365,100,6.825524
10658.9335,100,6.847514
11584.798,100,6.869823
9816.055,100,6.892033
4280.158,100,6.915013
9491.246,100,6.938045
16027.3535,100,6.961642
8942.427,100,6.984666
6545.1345,100,7.008557
17284.8435,100,7.031527
14024.876,100,7.053709
9940.1925,100,7.075808
13477.464,100,7.099361
15813.125,100,7.121533
5981.743,100,7.143803
19850.784,100,7.165937
11656.779,100,7.188926
9297.7955,100,7.21158
4371.6295,100,7.234757
15162.9875,100,7.257845
6933.081,100,7.281714
13505.72,100,7.304532
9492.879,100,7.326743
1741.2965,100,7.34887
15247.171,100,7.371918
7442.176,100,7.394029
8100.5015,100,7.416173
14859.438,100,7.438858
16390.9685,100,7.461902
4456.2645,100,7.485139
7056.179,100,7.508358
13960.8555,100,7.5314
13627.8755,100,7.55568
15032.1445,100,7.578656
252.5725,100,7.601097
9136.436,100,7.623291
6352.1575,100,7.646409
6702.4385,100,7.668735
18419.0815,100,7.691156
20305.404,100,7.713371
16797.029,100,7.73634
10226.402,100,7.759479
12169.2335,100,7.782803
15134.9475,100,7.805673
16594.3475,100,7.829887
16254.461,100,7.852927
21892.216,100,7.87489
15991.464,100,7.896992
9232.845,100,7.920026
9548.996,100,7.942303
12886.939,100,7.964614
7721.4745,100,7.98678
7020.6975,100,8.010291
11900.283,100,8.032991
11157.566,100,8.056084
12613.166,100,8.078925
11477.9905,100,8.10251
11193.161,100,8.125683
11869.1575,100,8.147947
16833.31,100,8.170165
-2739.2985,100,8.193206
6536.7655,100,8.215391
11227.4635,100,8.237809
9980.7,100,8.259934
11878.4415,100,8.283236
10256.638,100,8.306304
13668.327,100,8.329345
12454.7945,100,8.352686
4937.504,100,8.376729
11170.7015,100,8.399784
15981.276,100,8.422093
17146.2445,100,8.444697
14190.5015,100,8.468203
12470.375,100,8.490408
7970.8185,100,8.512393
3794.5815,100,8.5347
13197.806,100,8.55775
14923.0315,100,8.581194
12841.864,100,8.604084
9283.0575,100,8.627147
11957.6195,100,8.650886
3629.9175,100,8.673509
12281.906,100,8.696077
12045.5475,100,8.718398
13060.812,100,8.741839
6754.5045,100,8.764211
8213.493,100,8.786453
8940.7435,100,8.808289
11277.712,100,8.831283
6287.1955,100,8.854334
5413.018,100,8.877711
11788.046,100,8.900988
12280.816,100,8.925072
16152.678,100,8.948007
7753.27,100,8.970322
10589.752,100,8.992637
12931.9855,100,9.015758
9548.2225,100,9.037948
13725.8925,100,9.059947
9500.2655,100,9.082055
10663.974,100,9.104877
16062.04,100,9.127639
11833.769,100,9.150969
9337.7475,100,9.174485
12312.7125,100,9.198623
14514.1625,100,9.221742
8979.086,100,9.24418
9657.7435,100,9.266437
7458.1435,100,9.289493
6168.3415,100,9.311826
16430.474,100,9.334212
10646.713,100,9.356356
3685.8635,100,9.379415
10627.4715,100,9.402323
8647.7925,100,9.425521
8565.856,100,9.448699
6631.904,100,9.472755
14778.9,100,9.495388
10840.7095,100,9.517625
13641.4865,100,9.539715
10937.6165,100,9.562546
18096.9865,100,9.584637
10056.157,100,9.60672
15025.9835,100,9.628809
18450.9645,100,9.65155
5517.187,100,9.674328
15493.254,100,9.697799
11534.139,100,9.720884
12976.877,100,9.74492
13233.1955,100,9.768503
9121.9555,100,9.790797
13073.731,100,9.813086
13704.896,100,9.836165
3542.403,100,9.858381
10464.2995,100,9.880507
10559.045,100,9.902699
9817.441,100,9.925732
14665.684,100,9.949101
9016.5775,100,9.972303
13109.1235,100,9.995449
13237.701,100,10.019563
15140.631,100,10.041879
10786.9485,100,10.064175
12735.6915,100,10.086363
12196.5265,100,10.109499
12266.087,100,10.131654
13068.382,100,10.153742
11944.772,100,10.175886
13152.1745,100,10.19893
13294.475,100,10.22151
16471.639,100,10.244866
6218.866,100,10.267935
13779.275,100,10.291701
15133.178,100,10.314639
15888.8155,100,10.337006
11206.764,100,10.359009
15659.7165,100,10.382074
9286.1335,100,10.404235
14102.6345,100,10.426232
8120.4215,100,10.448414
12537.6625,100,10.471539
14777.5155,100,10.494819
8464.5735,100,10.518103
15334.9675,100,10.541633
7534.314,100,10.56578
12416.8145,100,10.588579
12742.0845,100,10.61088
16651.5665,100,10.633014
14055.333,100,10.655849
8951.967,100,10.677986
13974.9205,100,10.700708
14783.1645,100,10.723019
10969.8555,100,10.746145
13209.9115,100,10.768959
21570.0535,100,10.792439
12840.621,100,10.815494
8140.454,100,10.839304
8229.187,100,10.862387
5536.3375,100,10.884478
13885.52,100,10.906661
3197.047,100,10.929657
14309.6665,100,10.951664
8008.843,100,10.974505
11608.9485,100,10.996621
12979.129,100,11.019869
9477.8785,100,11.043014
338.405,100,11.065951
11731.824,100,11.089235
7320.842,100,11.113428
7099.566,100,11.136306
8676.1725,100,11.158577
17724.104,100,11.180878
10099.2845,100,11.204517
11257.1665,100,11.226766
13963.3105,100,11.248812
13311.469,100,11.270967
12127.2525,100,11.293904
11922.878,100,11.316784
13759.02,100,11.340064
12345.349,100,11.362931
9450.446,100,11.386883
15518.727,100,11.409802
12092.387,100,11.43254
15428.2275,100,11.455027
5352.539,100,11.477909
13693.7795,100,11.499994
6567.4255,100,11.522016
6720.9575,100,11.544181
14084.3785,100,11.567271
17152.0955,100,11.590159
19164.594,100,11.612987
19380.0,100,11.636046
11596.7015,100,11.660471
16624.356,100,11.683608
12370.941,100,11.706033
14599.2,100,11.728252
15606.5075,100,11.751314
12418.864,100,11.773448
9084.502,100,11.795875
7417.472,100,11.818223
10933.674,100,11.841008
13987.9555,100,11.864052
16673.925,100,11.887737
16817.968,100,11.911117
7527.193,100,11.935122
14705.1165,100,11.957788
13794.9355,100,11.979972
9792.66,100,12.001975
8894.086,100,12.02503
11054.9655,100,12.047128
15346.737,100,12.069241
10121.0885,100,12.0914
10464.2035,100,12.114383
13282.73,100,12.137257
8567.004,100,12.160154
14617.9805,100,12.183451
10883.3395,100,12.207377
11202.7065,100,12.230606
6137.363,100,12.252764
16129.586,100,12.274938
6923.287,100,12.297808
9605.573,100,12.319988
16998.751,100,12.342305
7365.563,100,12.364458
9514.562,100,12.387387
11169.6995,100,12.410785
3837.2925,100,12.433551
8968.638,100,12.457119
5373.177,100,12.480662
12661.331,100,12.502985
7892.5365,100,12.525062
13724.176,100,12.547167
15221.425,100,12.570597
12648.2825,100,12.593015
11593.419,100,12.615224
12499.598,100,12.637416
20383.861,100,12.660305
7954.57,100,12.682842
13678.7845,100,12.706419
8683.0635,100,12.729534
12793.5815,100,12.753435
17595.1685,100,12.776475
21361.5905,100,12.799147
14443.2475,100,12.821477
10996.278,100,12.844844
3033.2125,100,12.867156
11730.7995,100,12.889504
13793.186,100,12.91161
10970.103,100,12.934407
5071.835,100,12.957511
9871.29,100,12.980703
7042.9235,100,13.003571
15068.034,100,13.027373
16172.09,100,13.050397
18356.14,100,13.072645
5020.451,100,13.094986
7970.998,100,13.118108
5207.147,100,13.140203
6208.4085,100,13.162313
10716.3975,100,13.184263
11480.8075,100,13.207316
9332.1665,100,13.230161
16693.3265,100,13.253602
15172.771,100,13.276824
15729.6785,100,13.30071
16494.104,100,13.323443
15507.5285,100,13.345848
14922.2615,100,13.367888
13380.2875,100,13.390989
9252.2025,100,13.413104
17554.3925,100,13.435436
18193.5875,100,13.457666
10379.2855,100,13.480889
12553.4155,100,13.503985
10564.5515,100,13.527564
10700.0365,100,13.551212
10314.6695,100,13.57497
8959.0365,100,13.597903
10852.485,100,13.62031
18408.1995,100,13.642559
4991.809,100,13.665723
11900.348,100,13.687908
11666.574,100,13.710548
14456.258,100,13.732847
14468.4465,100,13.755758
19973.005,100,13.778488
9377.1045,100,13.801514
12537.302,100,13.824817
1484.497,100,13.848741
7954.438,100,13.871468
10188.636,100,13.893692
10758.4875,100,13.915901
9040.396,100,13.939212
11913.327,100,13.961527
5782.527,100,13.983798
11095.694,100,14.006024
15792.0095,100,14.029133
14839.591,100,14.052374
15948.034,100,14.075177
9184.2635,100,14.097925
8497.0965,100,14.124639
15905.944,100,14.14883
13413.3845,100,14.17151
13308.7515,100,14.193663
14323.4305,100,14.216542
17828.481,100,14.238886
7025.5335,100,14.261078
8380.0595,100,14.283145
13903.0605,100,14.30603
7050.049,100,14.329093
13648.31,100,14.352095
17044.7285,100,14.375534
9058.793,100,14.399513
19699.397,100,14.422222
18138.5265,100,14.444464
14939.2655,100,14.466669
15648.0785,100,14.490074
4307.246,100,14.512349
13607.3845,100,14.534522
12473.569,100,14.556935
11523.4995,100,14.579713
12850.516,100,14.602425
13914.384,100,14.626146
14724.367,100,14.649082
8381.97,100,14.673328
13826.9395,100,14.696425
15161.6915,100,14.718777
7104.759,100,14.740964
13966.698,100,14.763788
13613.9435,100,14.785818
16930.716,100,14.808073
11277.321,100,14.830519
12624.107,100,14.853832
15808.91,100,14.87712
16355.536,100,14.900258
10648.575,100,14.923404
16703.4115,100,14.947624
21067.487,100,14.970815
11803.0105,100,14.994944
14091.96,100,15.017355
15043.9505,100,15.040653
16857.6945,100,15.062941
18143.037,100,15.085356
8932.5935,100,15.107638
14244.389,100,15.130881
14518.1305,100,15.154055
22133.0505,100,15.177429
12614.345,100,15.200498
14027.3715,100,15.22424
14297.444,100,15.247351
12627.96,100,15.26993
19526.2295,100,15.292122
15684.7825,100,15.31552
18020.1075,100,15.337857
10234.49,100,15.36001
16548.1985,100,15.382193
15401.9495,100,15.405125
17383.755,100,15.427635
16075.9045,100,15.451006
19502.6875,100,15.474234
9804.4635,100,15.498456
15278.4375,100,15.521348
18549.9875,100,15.544102
18320.5815,100,15.566426
19279.25,100,15.589545
21471.986,100,15.611834
15193.6355,100,15.63395
9702.1255,100,15.655855
14997.564,100,15.678792
13890.855,100,15.70154
12330.487,100,15.72489
15622.926,100,15.748119
12249.312,100,15.772272
8032.6115,100,15.794891
13774.6635,100,15.817114
17369.491,100,15.839359
15717.4055,100,15.862676
2120.787,100,15.88497
10529.729,100,15.907547
9222.3325,100,15.929694
9201.251,100,15.952757
11564.0335,100,15.975612
18078.235,100,15.999095
11337.487,100,16.022405
9014.1625,100,16.046303
13852.183,100,16.069227
5359.158,100,16.091445
13125.7035,100,16.113706
14937.741,100,16.136648
9529.574,100,16.15876
15713.788,100,16.180765
18114.709,100,16.202687
6171.1915,100,16.225869
19425.4375,100,16.248939
13765.1925,100,16.272055
15795.664,100,16.295334
9604.863,100,16.319101
6640.4385,100,16.342218
12271.6125,100,16.364507
10770.5335,100,16.3866
10447.8175,100,16.409305
11196.5085,100,16.431625
15544.1225,100,16.454192
9845.6585,100,16.476481
12010.369,100,16.499802
8606.361,100,16.522972
12107.49,100,16.546108
13331.294,100,16.569409
12602.614,100,16.593269
13926.4665,100,16.615892
8856.3265,100,16.638392
9556.738,100,16.660587
10989.3155,100,16.684079
16122.5395,100,16.706388
14969.6795,100,16.728452
16037.5755,100,16.750652
13976.432,100,16.773846
6130.61,100,16.796609
11344.7665,100,16.819451
10649.921,100,16.842491
8680.128,100,16.866514
16254.426,100,16.889392
8994.9955,100,16.912514
16609.9015,100,16.934837
16818.9455,100,16.957999
11329.69,100,16.980423
13551.629,100,17.00275
14782.6775,100,17.02492
14430.9575,100,17.048011
14289.691,100,17.071356
24127.3885,100,17.094562
12364.3565,100,17.117633
9571.6485,100,17.142015
11894.505,100,17.165285
9703.713,100,17.187864
10121.59,100,17.210194
19288.6535,100,17.233176
7659.059,100,17.255532
10409.854,100,17.277716
19764.706,100,17.299783
11368.16,100,17.322965
13805.836,100,17.345775
10177.001,100,17.368984
12558.01,100,17.392452
7950.0145,100,17.4164
8730.249,100,17.439411
11004.08,100,17.461776
9048.1215,100,17.484079
9262.8625,100,17.507572
14139.8445,100,17.529926
13299.3355,100,17.552316
11664.2735,100,17.574501
13860.274,100,17.597944
14404.2515,100,17.621399
5936.994,100,17.644416
14318.743,100,17.667479
7237.1805,100,17.691398
9766.9785,100,17.714407
3784.2925,100,17.736914
8873.5665,100,17.759302
10384.8985,100,17.782409
2515.281,100,17.804685
6922.632,100,17.827097
9774.5415,100,17.849073
3992.245,100,17.872052
17364.164,100,17.894915
8873.2335,100,17.918439
13413.828,100,17.94304
12802.501,100,17.967114
10701.8155,100,17.989968
10745.2735,100,18.01231
16344.5035,100,18.034624
10925.0345,100,18.057827
8179.3155,100,18.080139
11402.9245,100,18.102388
7378.3385,100,18.12447
14194.146,100,18.147488
4047.2035,100,18.17073
15890.9465,100,18.19386
20851.263,100,18.216834
11992.1715,100,18.241079
5944.824,100,18.263838
8170.8275,100,18.286594
5726.895,100,18.308744
14672.0455,100,18.331854
9614.9125,100,18.35392
16868.3625,100,18.37585
280.6855,100,18.398039
12351.7975,100,18.421099
14982.868,100,18.443711
16109.24,100,18.466643
7130.822,100,18.490281
3829.4915,100,18.514497
6583.274,100,18.537183
11420.58,100,18.559332
7178.926,100,18.581527
13669.901,100,18.604773
12143.5325,100,18.627151
14655.6655,100,18.649224
8469.834,100,18.671452
8870.414,100,18.69455
9773.785,100,18.717798
13544.452,100,18.741174
12270.1215,100,18.764475
10527.595,100,18.788368
11809.8945,100,18.811151
7711.148,100,18.833589
14675.1605,100,18.855813
8475.118,100,18.878595
8568.537,100,18.90079
12710.2925,100,18.922836
11563.622,100,18.94554
17075.62,100,18.968801
8687.0345,100,18.99199
6637.346,100,19.015398
7856.3435,100,19.038792
10612.4005,100,19.062596
3899.4285,100,19.085382
6959.712,100,19.107662
5992.3445,100,19.129851
20006.757,100,19.152997
14630.6385,100,19.175176
12357.257,100,19.197695
11482.1585,100,19.219841
7807.4525,100,19.242848
5682.5125,100,19.265625
14971.537,100,19.288771
5259.8315,100,19.312282
5382.6095,100,19.335919
6432.5715,100,19.358871
5392.3865,100,19.3812
8375.557,100,19.403506
18071.294,100,19.426901
6193.516,100,19.44919
3514.913,100,19.471186
7020.4755,100,19.493328
3268.103,100,19.516423
10746.793,100,19.539503
10415.7835,100,19.562485
8509.6115,100,19.585528
5961.4345,100,19.60935
17335.182,100,19.632514
9653.5135,100,19.655249
8504.443,100,19.677461
6971.2195,100,19.700613
13069.8425,100,19.722931
6514.258,100,19.745312
1315.1185,100,19.767396
11923.125,100,19.790302
10896.073,100,19.812834
5997.4215,100,19.83552
10052.664,100,19.858692
8561.869,100,19.883367
8932.1935,100,19.906706
-3271.518,100,19.929475
5270.164,100,19.952079
1209.0445,100,19.974913
7661.6685,100,19.997345
1733.0765,100,20.019922
11032.0865,100,20.042285
14677.7875,100,20.065301
10822.978,100,20.088429
-2731.2205,100,20.111772
1363.7465,100,20.135182
10571.166,100,20.159096
8995.0015,100,20.182139
2184.3415,100,20.204398
12589.928,100,20.226473
4919.385,100,20.249797
2888.4405,100,20.272248
7983.7085,100,20.294544
7132.6495,100,20.316914
12136.2465,100,20.340057
16599.371,100,20.36292
4750.622,100,20.386043
15409.173,100,20.409312
13426.883,100,20.433476
10810.718,100,20.456388
13533.8255,100,20.478875
3835.049,100,20.500908
7859.5135,100,20.524177
3930.6185,100,20.546606
12346.2445,100,20.568878
6546.527,100,20.59098
7759.9755,100,20.61409
10620.707,100,20.637274
16799.7375,100,20.660189
14628.3955,100,20.683683
4728.699,100,20.707878
11478.3335,100,20.730916
13851.729,100,20.75322
22733.6775,100,20.775518
7001.592,100,20.798966
11144.8125,100,20.821363
7882.3005,100,20.843606
3825.7225,100,20.865853
4351.17,100,20.88908
10159.9705,100,20.912166
10593.743,100,20.935485
14118.8645,100,20.958966
12800.4005,100,20.983365
-2771.297,100,21.00653
3322.3785,100,21.029386
15789.755,100,21.051677
6654.469,100,21.074732
15662.941,100,21.097008
15826.3025,100,21.119091
9786.85,100,21.141074
6164.768,100,21.164213
15043.752,100,21.187368
13882.0975,100,21.21047
8817.9515,100,21.233672
10186.212,100,21.257839
14592.9505,100,21.280672
17876.615,100,21.302949
6613.0555,100,21.325294
11867.5695,100,21.348388
3183.0785,100,21.370634
8185.131,100,21.392809
12519.569,100,21.415071
11298.098,100,21.438213
4607.1785,100,21.460995
12335.429,100,21.484319
7887.232,100,21.507303
3155.926,100,21.531109
6382.9325,100,21.554203
3677.9625,100,21.576571
4211.905,100,21.599047
2336.552,100,21.622119
3890.316,100,21.644301
9817.5965,100,21.666574
8516.5785,100,21.688494
4087.533,100,21.711635
13040.937,100,21.734442
5904.319,100,21.757573
8377.0665,100,21.780468
14194.8135,100,21.804362
11535.9165,100,21.827468
11595.686,100,21.850114
9467.4585,100,21.87251
4560.0585,100,21.895749
8952.6105,100,21.91799
8843.9255,100,21.940559
12908.698,100,21.962672
10982.091,100,21.985979
11238.3405,100,22.009396
3769.32,100,22.032337
8638.5575,100,22.0553
13292.7915,100,22.079426
5812.823,100,22.102274
11400.9565,100,22.124598
14441.2655,100,22.146849
11938.348,100,22.170279
14709.51,100,22.192602
9364.83,100,22.214866
4982.7405,100,22.236984
8373.297,100,22.259809
12462.016,100,22.282343
12335.17,100,22.30568
7517.487,100,22.328606
14459.4905,100,22.352466
12685.7105,100,22.375445
7796.7695,100,22.397981
6425.9945,100,22.420236
7932.6485,100,22.443411
9635.736,100,22.465578
8492.394,100,22.487793
16946.4265,100,22.510507
14249.1325,100,22.533667
19886.2585,100,22.556447
13632.232,100,22.579235
16344.3005,100,22.602445
18740.3195,100,22.626897
14854.5425,100,22.649896
8485.583,100,22.672455
15896.8185,100,22.694786
11388.473,100,22.718047
3922.192,100,22.740188
3842.5295,100,22.762508
5012.125,100,22.784673
4366.0325,100,22.80763
9072.5135,100,22.830185
9077.0835,100,22.853792
6732.7845,100,22.876729
2204.607,100,22.900895
14922.825,100,22.923535
3166.2855,100,22.945922
10205.3355,100,22.968195
15879.959,100,22.991157
16105.463,100,23.013925
14703.2705,100,23.036124
11333.3485,100,23.05834
13044.994,100,23.081602
3311.1665,100,23.104694
12113.282,100,23.129599
2031.007,100,23.153026
11914.8355,100,23.176586
13686.0065,100,23.201368
5037.2505,100,23.223744
6773.5495,100,23.246002
4305.754,100,23.269138
11304.6775,100,23.291596
7504.7415,100,23.31412
4274.7695,100,23.336378
9839.921,100,23.359244
10876.7375,100,23.382011
14099.9215,100,23.405036
12459.3705,100,23.428193
8237.035,100,23.452424
11060.412,100,23.475363
14232.094,100,23.497961
12037.2695,100,23.520596
12627.4305,100,23.543911
10731.8945,100,23.566215
9162.746,100,23.588331
19247.1045,100,23.610409
18647.2365,100,23.633333
12126.569,100,23.656174
12342.485,100,23.67939
21163.7605,100,23.704165
15561.5115,100,23.728415
7146.4065,100,23.751289
8590.444,100,23.773796
20214.7535,100,23.796013
21623.5395,100,23.819122
17424.4465,100,23.841388
14373.987,100,23.863524
10015.654,100,23.885642
6434.774,100,23.908493
13668.0615,100,23.931385
15694.924,100,23.954831
11413.5395,100,23.977742
18890.331,100,24.001962
10471.862,100,24.0254
15189.533,100,24.049764
19296.905,100,24.072846
13650.1925,100,24.098624
15675.2955,100,24.122031
15889.301,100,24.1458
12826.5995,100,24.168779
15554.9975,100,24.192704
9166.714,100,24.216499
11193.8155,100,24.243792
12584.667,100,24.267606
11211.9015,100,24.292204
6287.651,100,24.31538
12983.845,100,24.338349
15426.8175,100,24.360903
10593.158,100,24.384572
6395.205,100,24.407577
10056.336,100,24.430416
11358.944,100,24.453053
11530.2305,100,24.478096
9987.2175,100,24.502119
-876.07,100,24.525972
3097.6315,100,24.549806
13933.363,100,24.575229
20501.9925,100,24.59907
11697.527,100,24.621631
6996.4715,100,24.644193
12682.97,100,24.667718
11496.89,100,24.690268
4493.8575,100,24.712811
11009.526,100,24.735243
10466.549,100,24.758842
10318.318,100,24.782535
21110.6115,100,24.806146
20315.394,100,24.829911
12598.2875,100,24.854244
17520.3375,100,24.877107
10284.7645,100,24.899607
14940.4175,100,24.922242
13610.8515,100,24.945593
13044.892,100,24.968171
15737.316,100,24.990658
15306.5065,100,25.013591
7719.946,100,25.037495
15791.48,100,25.061039
13996.3675,100,25.084691
9791.727,100,25.10908
13752.273,100,25.133413
13996.033,100,25.155954
12768.364,100,25.178517
12551.601,100,25.26572
15545.309,100,25.289586
16134.6885,100,25.311852
19541.2595,100,25.335991
14859.3405,100,25.361505
23752.857,100,25.419459
7440.3425,100,25.447158
11679.2025,100,25.469517
14476.0285,100,25.49168
18065.6255,100,25.51581
17621.2835,100,25.53806
16996.804,100,25.560548
5679.841,100,25.583651
9561.373,100,25.607465
21115.712,100,25.630309
18184.998,100,25.654118
17732.2825,100,25.676979
16910.432,100,25.700057
13648.242,100,25.722184
18880.678,100,25.744257
13922.576,100,25.766061
17613.2125,100,25.789423
10939.2145,100,25.812324
24285.69,100,25.835747
15262.304,100,25.85868
10549.7405,100,25.882285
11928.0535,100,25.905323
6752.6305,100,25.92757
21029.54,100,25.949634
17352.1805,100,25.973016
15205.979,100,25.995244
16218.342,100,26.017518
16993.332,100,26.040207
12645.47,100,26.063356
19286.2605,100,26.086436
25239.917,100,26.109375
17449.9275,100,26.132762
10391.8175,100,26.156233
20504.5455,100,26.179077
22201.026,100,26.201716
21712.869,100,26.224054
14789.8045,100,26.247318
22936.828,100,26.26953
20723.0625,100,26.291735
12572.8715,100,26.313916
18253.2425,100,26.336665
18012.0975,100,26.359256
11674.4675,100,26.382755
16540.955,100,26.405491
23780.4065,100,26.429511
21073.3455,100,26.45231
14772.296,100,26.474935
17422.367,100,26.497329
23950.528,100,26.520663
18600.834,100,26.542933
13652.9325,100,26.565019
9370.24,100,26.587556
20362.976,100,26.610258
15799.7055,100,26.633457
20945.184,100,26.656995
11425.9225,100,26.68044
14926.8965,100,26.704248
15633.218,100,26.727384
18348.293,100,26.749819
12291.1345,100,26.772136
12889.1805,100,26.795473
20552.2125,100,26.817799
12285.366,100,26.840038
13224.25,100,26.862073
17180.759,100,26.885018
16641.674,100,26.907958
23232.3815,100,26.931137
19591.339,100,26.95424
12641.6895,100,26.977922
11727.5705,100,27.001951
14589.746,100,27.024717
14372.975,100,27.047264
11891.306,100,27.070272
19561.738,100,27.092448
15032.8885,100,27.114807
14074.56,100,27.136927
18254.2505,100,27.159533
22074.239,100,27.182272
22087.0715,100,27.205369
13074.1165,100,27.228567
13765.0765,100,27.252274
20767.628,100,27.27505
16580.726,100,27.297393
19300.237,100,27.319507
19927.654,100,27.342852
14231.351,100,27.364905
19076.9855,100,27.386964
12744.1905,100,27.408945
19988.2075,100,27.432148
17322.5365,100,27.454937
17331.495,100,27.478143
17032.01,100,27.501266
10370.182,100,27.524942
13447.858,100,27.54764
21613.3575,100,27.569873
19591.2135,100,27.591897
19943.4655,100,27.614779
12623.433,100,27.636773
18318.5695,100,27.658736
19473.162,100,27.680701
9674.0855,100,27.703817
19738.947,100,27.726782
15620.349,100,27.749535
11886.5265,100,27.772874
5440.8125,100,27.796619
17973.3525,100,27.819381
15699.2835,100,27.841932
7186.7045,100,27.864209
18857.0545,100,27.887236
11140.697,100,27.90939
13809.731,100,27.931504
18255.9215,100,27.953922
13139.211,100,27.976686
17902.823,100,27.999344
16799.1585,100,28.022634
14680.3285,100,28.045765
15327.191,100,28.069854
16833.606,100,28.092752
10058.212,100,28.115301
14596.376,100,28.137523
21585.144,100,28.160586
18229.759,100,28.18288
18453.6695,100,28.205143
15777.192,100,28.227276
22333.918,100,28.250297
14578.943,100,28.273257
18470.6295,100,28.296292
9225.3835,100,28.319533
11497.9315,100,28.343332
19022.273,100,28.366237
14388.8045,100,28.388694
13497.0535,100,28.410822
19246.5275,100,28.433857
18896.058,100,28.456247
14290.6335,100,28.478955
15614.855,100,28.50122
14028.736,100,28.524557
17317.0395,100,28.547617
14492.301,100,28.570642
20075.4295,100,28.593625
18428.243,100,28.617721
15153.1095,100,28.640629
21219.1655,100,28.6629
13875.8795,100,28.685181
16209.147,100,28.708328
18268.4265,100,28.730459
12033.988,100,28.75255
13765.385,100,28.774608
20615.6325,100,28.79755
24400.1325,100,28.820588
14069.999,100,28.843525
16935.3805,100,28.866453
7487.0185,100,28.890361
22373.265,100,28.913126
14366.527,100,28.935613
7226.3615,100,28.957704
7285.3905,100,28.980686
7475.79,100,29.002837
15815.1015,100,29.024838
24563.767,100,29.047128
16011.5255,100,29.070866
18010.116,100,29.09437
10754.259,100,29.117218
17478.4285,100,29.140471
21113.579,100,29.164465
19554.7545,100,29.187516
19252.5525,100,29.209887
10984.2095,100,29.232002
11602.632,100,29.25506
23489.12,100,29.277333
16817.641,100,29.29949
15036.205,100,29.321614
9659.055,100,29.344574
18481.8215,100,29.367766
21073.0455,100,29.391211
15649.7605,100,29.414516
18662.2845,100,29.438177
15891.3215,100,29.460656
17106.9875,100,29.483094
9047.9125,100,29.505472
9598.2015,100,29.528506
16660.6845,100,29.550887
16190.6295,100,29.573225
15188.2625,100,29.59541
23005.523,100,29.618882
14368.7655,100,29.642374
17618.642,100,29.665757
15198.266,100,29.689231
15377.796,100,29.713016
13110.385,100,29.735871
19069.118,100,29.758116
13772.7145,100,29.780402
22432.949,100,29.803571
12129.474,100,29.825465
15170.837,100,29.847925
18697.981,100,29.870133
15228.3185,100,29.893286
21340.384,100,29.916291
12781.6635,100,29.939131
16060.7735,100,29.962256
20574.6725,100,29.986048
16387.771,100,30.008744
17340.2175,100,30.031253
9503.58,100,30.053715
14671.9055,100,30.077168
17067.9855,100,30.09977
11023.7955,100,30.122174
17034.9245,100,30.144106
16131.7245,100,30.167131
14609.6635,100,30.190012
17525.293,100,30.213453
19246.5825,100,30.236712
10127.086,100,30.260601
15737.474,100,30.283375
16330.0715,100,30.305987
18934.0185,100,30.32848
19627.146,100,30.351545
14357.4005,100,30.37377
10583.568,100,30.396002
18445.0275,100,30.418165
15897.91,100,30.44096
16590.408,100,30.464102
12920.8205,100,30.48757
13605.5115,100,30.51071
15012.6405,100,30.534734
15125.713,100,30.557946
19006.466,100,30.580199
8832.7675,100,30.602374
13140.3935,100,30.625224
18739.971,100,30.647357
9603.359,100,30.66952
17300.1295,100,30.69177
12137.601,100,30.714524
12982.1255,100,30.736854
10541.0545,100,30.76045
13325.977,100,30.783659
16218.657,100,30.807479
13187.038,100,30.83063
10822.15,100,30.853031
7439.778,100,30.875262
6635.0245,100,30.898253
11896.891,100,30.92048
20265.033,100,30.942811
8708.38,100,30.965021
16650.843,100,30.987791
24101.303,100,31.010757
8265.5995,100,31.033831
17963.068,100,31.057104
18941.7735,100,31.080964
13897.574,100,31.104113
13642.5535,100,31.126445
18341.2875,100,31.148711
20070.415,100,31.17152
9537.6245,100,31.193675
17387.0925,100,31.216059
6929.4945,100,31.238037
15563.7915,100,31.26077
19053.384,100,31.283772
13206.2325,100,31.30675
12253.107,100,31.329864
17960.2005,100,31.35362
16311.9165,100,31.376584
23444.295,100,31.398704
21523.128,100,31.420803
14220.737,100,31.444131
18810.156,100,31.466251
18571.3515,100,31.488433
10334.6205,100,31.510627
19649.6325,100,31.533427
14722.229,100,31.556355
20417.28,100,31.579363
14831.0725,100,31.602588
20164.221,100,31.626595
15656.791,100,31.649626
19638.282,100,31.672058
19396.1755,100,31.694203
19819.7835,100,31.717489
10404.8555,100,31.739709
15872.3635,100,31.762027
19395.2725,100,31.784062
24756.3075,100,31.807488
16620.682,100,31.830565
21699.285,100,31.853582
30322.2575,100,31.876294
12760.189,100,31.900187
9618.5675,100,31.923005
13429.841,100,31.945318
21248.778,100,31.967502
20031.379,100,31.990524
11516.4425,100,32.012869
13215.544,100,32.035198
7452.4265,100,32.057525
24582.0655,100,32.080543
17370.502,100,32.103571
12473.5145,100,32.129427
15791.916,100,32.152463
17564.481,100,32.176586
17994.559,100,32.199749
15009.535,100,32.222402
13466.9245,100,32.244587
21549.24,100,32.267674
26282.1035,100,32.289639
15685.28,100,32.311854
17194.6105,100,32.33385
19956.4405,100,32.35698
17165.6095,100,32.379834
12999.4005,100,32.402871
15660.827,100,32.425911
11817.2785,100,32.450262
11852.3135,100,32.473376
14965.337,100,32.495953
21363.391,100,32.51836
18658.423,100,32.541489
15635.486,100,32.56368
17762.1085,100,32.586373
14334.314,100,32.608759
7916.329,100,32.631786
17261.5865,100,32.654707
15982.974,100,32.677963
23156.9705,100,32.701327
11188.798,100,32.725491
16898.841,100,32.748617
14661.5055,100,32.771273
20800.576,100,32.793566
13643.678,100,32.816892
15983.864,100,32.839127
14061.413,100,32.861392
15983.6675,100,32.883595
20892.001,100,32.906702
8857.9655,100,32.92931
17128.9625,100,32.95251
15314.209,100,32.975349
18399.487,100,32.999344
20190.7415,100,33.022449
21308.314,100,33.044885
16573.4515,100,33.067102
12725.9645,100,33.09032
16248.391,100,33.112841
8327.093,100,33.135271
14783.19,100,33.15751
16183.3925,100,33.180583
10182.868,100,33.203639
19917.836,100,33.226669
19065.2145,100,33.249792
19828.493,100,33.274321
9221.442,100,33.297444
15520.7075,100,33.319795
11112.409,100,33.342095
14691.9,100,33.367048
11289.71,100,33.389941
18404.009,100,33.413273
20297.2775,100,33.436206
14323.0385,100,33.471036
16083.3735,100,33.49614
15930.835,100,33.521308
17172.18,100,33.545548
11179.8695,100,33.56976
12319.8635,100,33.592464
28688.074,100,33.614772
10873.0095,100,33.636843
19878.5525,100,33.659727
20101.951,100,33.681895
22301.0915,100,33.703895
20207.9845,100,33.726113
20801.819,100,33.7496
12897.9035,100,33.773251
18807.441,100,33.797819
20696.7965,100,33.822202
13847.073,100,33.846323
13887.9965,100,33.869295
15402.898,100,33.892767
22529.123,100,33.915874
23358.89,100,33.938959
16842.5915,100,33.961288
11804.6,100,33.983915
12942.395,100,34.006347
14684.502,100,34.029614
14806.2225,100,34.053269
9101.8765,100,34.076956
6770.5015,100,34.100158
6687.848,100,34.124373
17088.678,100,34.147376
16025.2275,100,34.169736
21516.6635,100,34.192158
17425.2525,100,34.215667
13492.0315,100,34.237924
22338.625,100,34.260097
14546.8195,100,34.282317
18122.6645,100,34.305322
15876.094,100,34.328718
16668.919,100,34.351876
19410.1065,100,34.375099
15202.224,100,34.398802
16054.1735,100,34.421891
24780.923,100,34.444674
14275.3955,100,34.466982
19362.228,100,34.49006
17357.1305,100,34.512204
18538.8355,100,34.534275
18038.6465,100,34.556452
23808.64,100,34.579724
15459.5585,100,34.602607
18248.6545,100,34.625643
19669.05,100,34.648924
15737.9245,100,34.673005
23662.385,100,34.696092
14927.167,100,34.718409
15308.502,100,34.740647
16081.44,100,34.763862
13344.437,100,34.786136
11961.5025,100,34.808245
14465.608,100,34.830464
21991.975,100,34.853134
20611.965,100,34.876046
16394.2605,100,34.899021
26301.396,100,34.922072
16676.631,100,34.945487
15222.638,100,34.968668
16207.8945,100,34.99104
16116.0985,100,35.013251
20239.389,100,35.036517
17446.483,100,35.058659
14837.2,100,35.081144
17739.712,100,35.103265
17651.112,100,35.126452
18512.8935,100,35.149176
16911.5225,100,35.172665
20802.644,100,35.196151
18103.0695,100,35.220476
17625.512,100,35.24361
16856.951,100,35.265879
17658.3935,100,35.28801
15459.082,100,35.311366
11796.272,100,35.333692
19580.277,100,35.356177
14214.4435,100,35.378466
17788.989,100,35.401567
19930.427,100,35.425054
15348.184,100,35.448057
17350.509,100,35.470958
25278.5895,100,35.495146
12755.2515,100,35.517955
10761.4645,100,35.540444
16764.7155,100,35.562847
20430.2925,100,35.586358
18404.37,100,35.608559
12575.013,100,35.630679
19173.0395,100,35.652862
20293.4615,100,35.675905
20056.5095,100,35.699219
14435.2225,100,35.722503
16725.9365,100,35.745783
17555.521,100,35.769965
23671.1795,100,35.792825
14546.0325,100,35.815529
20419.097,100,35.837788
22923.984,100,35.860935
23221.1585,100,35.883031
11401.1505,100,35.905363
17465.0085,100,35.927822
18577.1805,100,35.951052
12562.098,100,35.97603
16826.3795,100,35.999781
16101.948,100,36.023842
15926.5455,100,36.048073
12237.403,100,36.070498
15936.862,100,36.092713
16844.349,100,36.115023
20520.409,100,36.138207
13231.434,100,36.160257
20213.9975,100,36.182821
14120.7145,100,36.205026
18167.148,100,36.228143
14810.049,100,36.251678
15771.8585,100,36.275004
20182.973,100,36.298478
19199.399,100,36.322487
15342.211,100,36.345541
18177.128,100,36.367906
12948.027,100,36.390244
16933.441,100,36.41358
12557.975,100,36.436011
21056.8655,100,36.458076
12766.059,100,36.480177
15916.552,100,36.503837
14702.1255,100,36.526947
16717.2935,100,36.550095
24167.65,100,36.572946
16320.5375,100,36.597041
16795.2845,100,36.619855
16229.5325,100,36.642503
16064.0365,100,36.664797
16392.0345,100,36.687918
19261.9105,100,36.710106
17668.25,100,36.732345
15024.0235,100,36.754595
15382.192,100,36.777476
18993.721,100,36.800405
13478.367,100,36.823329
20795.9625,100,36.846831
20254.691,100,36.870991
17256.6025,100,36.893827
13102.099,100,36.91609
10867.8485,100,36.938752
16984.481,100,36.961935
22431.2165,100,36.984058
12246.3965,100,37.006157
14687.531,100,37.02829
13798.342,100,37.05105
20463.035,100,37.073913
17571.715,100,37.097216
13663.07,100,37.120058
20386.337,100,37.144
21011.599,100,37.167252
16058.373,100,37.190426
13840.3955,100,37.21272
15106.566,100,37.235758
20423.5515,100,37.257848
17247.1375,100,37.279889
19941.5965,100,37.301878
15793.045,100,37.324866
20350.1915,100,37.34798
19424.408,100,37.371579
21235.399,100,37.394724
15991.868,100,37.419147
21844.2965,100,37.442138
21108.2055,100,37.464683
17458.0195,100,37.486893
17916.5245,100,37.50991
15042.4345,100,37.532044
19623.189,100,37.553957
19610.04,100,37.57614
22636.83,100,37.599431
19673.4705,100,37.62223
23148.4915,100,37.645605
21382.367,100,37.668851
14247.3165,100,37.692298
20205.1235,100,37.715274
17635.482,100,37.737843
19622.425,100,37.760173
24934.0615,100,37.784913
24461.3805,100,37.807369
15837.669,100,37.829666
18981.9925,100,37.852142
13293.28,100,37.875395
16249.147,100,37.898775
11886.0815,100,37.922116
19755.7985,100,37.945257
14926.7675,100,37.969208
17994.036,100,37.99188
19888.5195,100,38.014613
20598.2045,100,38.037106
16345.2245,100,38.060002
17718.876,100,38.082392
23959.2195,100,38.104796
27461.368,100,38.127099
16765.8495,100,38.150032
14146.6445,100,38.1729
17306.956,100,38.196183
19887.609,100,38.219893
16799.7825,100,38.24421
20355.912,100,38.267012
18282.021,100,38.289396
15204.7175,100,38.311682
16334.832,100,38.335155
17142.364,100,38.357372
17820.025,100,38.379541
18103.44,100,38.401808
13909.0145,100,38.424917
20658.3815,100,38.447879
15902.3025,100,38.471331
12969.2195,100,38.494486
22548.7865,100,38.518696
13412.223,100,38.541627
18790.555,100,38.564333
18933.1425,100,38.58688
10155.919,100,38.610095
16034.656,100,38.632662
17324.6475,100,38.655004
20330.1365,100,38.677415
21079.6965,100,38.700458
21487.8665,100,38.723681
19041.203,100,38.746693
11177.81,100,38.770323
13374.875,100,38.794854
6730.1445,100,38.817366
19399.463,100,38.839864
15075.719,100,38.862382
21041.2425,100,38.88525
20047.084,100,38.907274
22038.2415,100,38.929508
18545.9745,100,38.951664
18430.121,100,38.974553
17077.941,100,38.997629
13678.905,100,39.021337
18036.0705,100,39.044301
12966.92,100,39.068249
22283.582,100,39.091475
21177.9555,100,39.113774
11489.529,100,39.1359
22117.9685,100,39.158984
21463.2605,100,39.181159
20888.3085,100,39.203175
21865.9555,100,39.225901
15283.887,100,39.249006
14729.9255,100,39.272056
23417.303,100,39.295214
16142.6815,100,39.318544
20537.1565,100,39.342172
22661.1195,100,39.365356
17178.173,100,39.387837
16240.873,100,39.410031
14371.3205,100,39.433518
13935.1395,100,39.456004
13832.593,100,39.478799
20233.135,100,39.501072
16361.7465,100,39.523856
21765.152,100,39.547124
10419.555,100,39.569821
15823.9785,100,39.593217
17665.4905,100,39.617348
14823.8775,100,39.640175
21014.451,100,39.662679
16649.063,100,39.685021
15516.4285,100,39.708178
13177.1185,100,39.730435
11707.2505,100,39.752737
14094.6435,100,39.774919
16233.4135,100,39.79775
18435.623,100,39.820861
14734.6005,100,39.844154
16047.24,100,39.866913
18869.7825,100,39.8909
16741.9785,100,39.913621
21748.491,100,39.936067
14348.4155,100,39.958289
23563.465,100,39.981474
19333.0695,100,40.003641
16083.924,100,40.025803
14974.453,100,40.047913
16364.748,100,40.070961
18376.414,100,40.094527
18296.4865,100,40.117628
19971.132,100,40.141016
22563.7865,100,40.16494
14395.148,100,40.187628
16299.139,100,40.209879
19656.632,100,40.232564
19920.6975,100,40.255366
15552.9095,100,40.277478
15678.624,100,40.299651
17253.701,100,40.321891
18458.2025,100,40.345306
19033.233,100,40.368316
15998.4545,100,40.391893
19218.0425,100,40.414968
17540.9415,100,40.43951
14252.5255,100,40.46214
13841.132,100,40.484627
22340.3035,100,40.5068
22003.7335,100,40.52999
17644.359,100,40.552057
26580.3395,100,40.574367
18115.3575,100,40.596807
18622.9095,100,40.620417
14964.7425,100,40.65704
23564.134,100,40.681279
19235.3095,100,40.707257
23665.249,100,40.732021
21669.861,100,40.754796
18273.263,100,40.777164
21005.43,100,40.79983
17583.0375,100,40.823341
25824.0045,100,40.846102
21875.9575,100,40.86925
23147.6455,100,40.892233
10570.579,100,40.915011
14727.543,100,40.93911
23062.9225,100,40.962854
16917.0895,100,40.985799
22074.772,100,41.010285
22505.7055,100,41.033107
18524.055,100,41.055247
19152.6465,100,41.077323
17038.339,100,41.100461
21830.883,100,41.122717
19252.868,100,41.145133
17459.725,100,41.167431
14524.619,100,41.190317
8027.777,100,41.213387
10619.668,100,41.236943
21941.291,100,41.26062
18196.1125,100,41.284814
17125.938,100,41.30768
12005.292,100,41.330238
19005.3815,100,41.352567
13604.196,100,41.375335
18893.127,100,41.397996
17550.569,100,41.420028
11353.5285,100,41.442223
18925.1855,100,41.465641
27930.8365,100,41.488714
17174.325,100,41.512201
19090.294,100,41.53536
16640.336,100,41.55936
17184.1485,100,41.582149
19298.2435,100,41.604613
5560.3685,100,41.626778
17149.973,100,41.650354
18625.8985,100,41.672517
18273.538,100,41.694759
12989.19,100,41.71698
12937.501,100,41.739943
16820.989,100,41.763063
15147.844,100,41.786631
20627.9125,100,41.809844
19131.832,100,41.833742
16203.0275,100,41.856888
7702.83,100,41.879394
16114.599,100,41.901763
11444.5975,100,41.9247
13980.788,100,41.947045
13215.1395,100,41.969187
19873.9715,100,41.991362
14166.308,100,42.014569
16896.627,100,42.037407
14881.0665,100,42.060502
24647.654,100,42.084075
19670.513,100,42.107978
17568.728,100,42.130964
20086.973,100,42.15331
19135.409,100,42.175628
14081.1175,100,42.198841
15391.608,100,42.221205
15662.997,100,42.243893
15953.4095,100,42.266766
21414.2835,100,42.289718
13441.2755,100,42.313006
23640.457,100,42.335917
19720.192,100,42.359083
10572.6435,100,42.383253
21271.35,100,42.405855
15263.94,100,42.428115
16283.7125,100,42.45032
19656.359,100,42.473786
23543.2875,100,42.496176
17059.6905,100,42.518137
11862.059,100,42.54034
14843.076,100,42.563338
19469.3095,100,42.586529
13870.5475,100,42.609207
18035.878,100,42.632336
17925.8895,100,42.656205
16227.3215,100,42.679364
20494.5515,100,42.702069
18363.354,100,42.724388
13554.3145,100,42.747886
8447.919,100,42.770267
12303.658,100,42.792451
8313.407,100,42.81466
18353.1965,100,42.837725
20353.5255,100,42.860973
16611.4785,100,42.884274
11916.144,100,42.907602
17078.214,100,42.931446
19034.287,100,42.954179
23598.6735,100,42.976602
20338.901,100,42.998822
20240.4355,100,43.022037
19932.187,100,43.044303
19983.6835,100,43.066429
17149.1385,100,43.088676
18092.0895,100,43.111792
16167.0845,100,43.135034
18809.774,100,43.158691
18856.553,100,43.181953
18108.6965,100,43.205972
14255.801,100,43.229064
19589.9975,100,43.251443
20570.104,100,43.274211
17687.3315,100,43.297226
9770.5915,100,43.319316
17938.06,100,43.341418
16563.0305,100,43.363609
16695.871,100,43.386761
14674.261,100,43.409795
13385.2025,100,43.433087
14774.2695,100,43.456442
15952.587,100,43.480349
16534.373,100,43.503427
14192.75,100,43.525806
14686.533,100,43.548114
10785.1305,100,43.57106
18781.261,100,43.593262
14011.0115,100,43.615832
13950.87,100,43.637983
17312.4195,100,43.66107
19101.157,100,43.684172
17748.5535,100,43.707379
19070.025,100,43.730846
20436.0235,100,43.754849
17145.9705,100,43.777789
14530.448,100,43.800065
20401.5835,100,43.82213
19336.472,100,43.845574
14327.6545,100,43.867955
24435.5125,100,43.890244
12824.9635,100,43.912467
11716.2875,100,43.935713
14088.96,100,43.958868
14180.241,100,43.982237
15533.0145,100,44.004917
11587.24,100,44.028846
16976.576,100,44.05168
9372.1625,100,44.074094
13927.387,100,44.096263
16087.6605,100,44.120075
21400.3205,100,44.14256
18315.3235,100,44.16499
16078.6,100,44.187292
17591.9595,100,44.210306
25816.693,100,44.233424
19777.4085,100,44.256854
22464.202,100,44.280321
14996.6465,100,44.304428
13518.621,100,44.327442
17512.21,100,44.350008
15044.285,100,44.372419
26288.9465,100,44.39555
18729.6515,100,44.417643
21247.134,100,44.439943
10437.4695,100,44.462171
25104.405,100,44.485287
17515.649,100,44.508254
16486.4035,100,44.531956
17471.6905,100,44.555047
18628.4435,100,44.578657
12457.47,100,44.601574
19174.0755,100,44.624511
16699.549,100,44.647113
16640.865,100,44.670184
24174.791,100,44.692492
18542.1775,100,44.714669
13990.2555,100,44.73676
10266.759,100,44.76004
22583.38,100,44.783116
10912.399,100,44.806598
15587.7445,100,44.829334
23764.864,100,44.853491
10575.8585,100,44.876624
12714.4435,100,44.899108
23333.4535,100,44.921474
23751.0965,100,44.944608
23874.5645,100,44.966922
12871.0745,100,44.98937
20361.839,100,45.011611
17032.8015,100,45.034922
23973.749,100,45.057997
17609.015,100,45.081569
18790.514,100,45.10518
11920.203,100,45.129177
13666.8385,100,45.151944
17321.463,100,45.174131
20134.0085,100,45.196272
23103.891,100,45.219866
15589.807,100,45.24219
17835.7785,100,45.264579
11024.56,100,45.287153
17558.8645,100,45.310339
12734.4645,100,45.333088
19579.378,100,45.356367
17962.1825,100,45.379675
21840.3735,100,45.403714
23394.887,100,45.42673
10975.9325,100,45.449505
14627.987,100,45.471906
5504.5145,100,45.494979
8230.267,100,45.517169
16962.243,100,45.539335
12818.84,100,45.561441
14885.8795,100,45.584805
15624.2605,100,45.607626
15962.4145,100,45.631037
19238.3855,100,45.654082
13013.4795,100,45.678311
13495.157,100,45.701229
9159.3345,100,45.723644
15390.6635,100,45.745742
15360.565,100,45.768635
18981.342,100,45.790962
20728.6715,100,45.813388
17613.078,100,45.835709
11802.6615,100,45.858695
14850.9735,100,45.881788
13723.1735,100,45.905424
16993.086,100,45.928482
14201.2045,100,45.952706
12883.876,100,45.975638
14681.087,100,45.998348
20455.62,100,46.020687
11775.544,100,46.043739
14288.808,100,46.06619
22808.565,100,46.088503
19285.6805,100,46.110686
19435.0025,100,46.133535
15516.8175,100,46.156652
12722.598,100,46.179886
22294.8105,100,46.202809
16654.552,100,46.226669
15786.9915,100,46.249918
10627.9845,100,46.272467
19639.359,100,46.294914
8029.102,100,46.318154
9147.88,100,46.340282
12459.315,100,46.362725
19991.355,100,46.384824
22345.499,100,46.407852
10975.906,100,46.43119
18229.5415,100,46.454041
14900.9075,100,46.477513
11273.293,100,46.500872
7775.172,100,46.523882
18959.8245,100,46.546329
19694.67,100,46.568677
20091.913,100,46.592202
20077.6485,100,46.614525
18150.097,100,46.637049
13109.448,100,46.659297
17666.5475,100,46.682562
10483.9665,100,46.705584
20331.7185,100,46.728537
17514.4175,100,46.751907
19533.661,100,46.775648
16408.184,100,46.798519
14301.3165,100,46.821326
11932.488,100,46.843651
12597.4895,100,46.866782
16153.954,100,46.889069
19492.1375,100,46.911432
18567.212,100,46.933777
17296.854,100,46.956937
13526.8155,100,46.9799
17388.1205,100,47.003267
14943.128,100,47.026878
23406.8095,100,47.050807
13766.094,100,47.074014
19586.037,100,47.096575
18452.6995,100,47.118823
16113.277,100,47.141966
16439.511,100,47.164042
12993.29,100,47.192628
13278.413,100,47.215059
15439.9245,100,47.238505
17748.636,100,47.261743
18573.2175,100,47.285225
12710.9505,100,47.308459
21649.5025,100,47.332481
2998.6825,100,47.355014
12621.9005,100,47.377442
18461.016,100,47.399751
15610.7265,100,47.422643
11247.847,100,47.444859
11672.479,100,47.467093
17662.7765,100,47.489252
17540.3535,100,47.512565
15184.6625,100,47.535679
15752.123,100,47.558849
9563.324,100,47.582707
12730.6305,100,47.60686
13160.734,100,47.630001
17859.9315,100,47.652556
15275.041,100,47.674952
16167.1605,100,47.69815
22988.6555,100,47.720248
17010.6115,100,47.742921
11408.298,100,47.765067
12663.1805,100,47.788104
16826.896,100,47.810979
9587.2895,100,47.834229
14924.141,100,47.857669
15158.2815,100,47.881976
10705.4005,100,47.905619
17072.1305,100,47.928968
15457.603,100,47.952669
14036.2275,100,47.976876
23421.506,100,48.000132
20124.265,100,48.0231
20558.583,100,48.046153
21736.2295,100,48.070122
9362.1365,100,48.093355
12889.6275,100,48.116873
16327.9205,100,48.14037
11184.448,100,48.164009
16090.1045,100,48.18693
17026.315,100,48.209631
20370.5565,100,48.232678
16348.627,100,48.256236
8213.785,100,48.279075
19482.3055,100,48.301893
18093.3275,100,48.326253
17544.921,100,48.35097
22098.26,100,48.374506
16786.81,100,48.398417
17163.0835,100,48.4223
21551.214,100,48.446653
20290.649,100,48.469411
17644.9835,100,48.491661
14411.0055,100,48.513828
18626.843,100,48.537098
15864.0915,100,48.559452
18302.1185,100,48.581821
11936.937,100,48.604104
14197.833,100,48.627485
14535.688,100,48.650798
23088.0865,100,48.674652
18774.3815,100,48.69829
24117.7285,100,48.722136
12668.235,100,48.745012
18639.547,100,48.767669
25396.136,100,48.790049
16223.081,100,48.813235
18162.5625,100,48.835701
22944.22,100,48.858442
18740.1,100,48.881029
23387.329,100,48.904423
19404.7985,100,48.928051
22656.27,100,48.951023
16589.923,100,48.974397
19730.4205,100,48.998848
24297.3545,100,49.021781
20833.6405,100,49.044362
15834.916,100,49.066558
17054.198,100,49.089587
16913.3735,100,49.111817
19628.894,100,49.134335
18955.0225,100,49.156865
15187.95,100,49.179853
18891.4535,100,49.202655
12739.936,100,49.226259
20605.408,100,49.249914
10775.802,100,49.273922
12692.4615,100,49.296737
14531.8515,100,49.319112
12119.054,100,49.341888
16529.637,100,49.365451
22207.913,100,49.387843
18921.0925,100,49.410284
10634.267,100,49.442666
20788.0475,100,49.472841
20456.495,100,49.502334
18002.1295,100,49.529244
19620.6755,100,49.55736
14830.3235,100,49.581238
12595.6595,100,49.604161
13830.21,100,49.627291
15329.349,100,49.650296
11487.276,100,49.67346
19017.0105,100,49.695768
13420.8505,100,49.717956
11305.6535,100,49.741199
19127.15,100,49.766881
13363.8015,100,49.794272
20125.095,100,49.818918
13479.737,100,49.843115
18168.579,100,49.867909
18332.8435,100,49.890953
14547.5815,100,49.913333
18366.437,100,49.937019
17015.4275,100,49.96138
11330.9695,100,49.985174
16807.55,100,50.008676
11191.7225,100,50.031721
11597.146,100,50.057032
14240.807,100,50.084902
11854.1865,100,50.111904
6239.2315,100,50.139389
16548.343,100,50.164977
14903.0565,100,50.188426
19757.04,100,50.211234
15523.728,100,50.234753
9696.3835,100,50.258153
19826.0175,100,50.281939
15516.6645,100,50.305793
11970.087,100,50.329517
22797.242,100,50.355249
16422.837,100,50.379526
14360.875,100,50.40336
23337.6005,100,50.427157
19942.138,100,50.45121
18624.1175,100,50.474173
21802.662,100,50.496411
14432.3135,100,50.518709
12894.1785,100,50.541942
18937.476,100,50.56433
12815.334,100,50.586753
19257.6295,100,50.608944
18070.961,100,50.632078
19797.2815,100,50.655353
13513.77,100,50.678294
14430.6175,100,50.701655
16688.991,100,50.725653
17415.207,100,50.74833
18339.671,100,50.770457
14957.6,100,50.792462
23091.6835,100,50.815956
17100.795,100,50.838564
16964.2455,100,50.860782
15602.2885,100,50.882938
13761.421,100,50.906075
12142.5755,100,50.929515
20068.0955,100,50.953066
15971.6625,100,50.976405
17937.086,100,51.000641
12910.039,100,51.02364
23644.3455,100,51.046267
20524.995,100,51.068572
15646.06,100,51.091671
17757.1765,100,51.114116
17687.0555,100,51.13672
13875.5865,100,51.158971
8788.55,100,51.182084
16471.3185,100,51.205238
13364.818,100,51.228781
16164.9795,100,51.251932
18817.068,100,51.276068
17917.665,100,51.299872
10594.53,100,51.322307
10698.465,100,51.344759
15161.1995,100,51.368102
15200.761,100,51.39077
15211.6205,100,51.413121
12251.1615,100,51.435416
13362.333,100,51.458464
15491.858,100,51.481777
18952.923,100,51.505387
21262.2435,100,51.528622
9483.956,100,51.552198
19167.6045,100,51.575004
19974.122,100,51.597352
17657.323,100,51.619955
18533.59,100,51.643003
15628.0845,100,51.665196
13716.5205,100,51.687327
18094.8715,100,51.709439
17694.972,100,51.732739
15740.178,100,51.764698
12001.2515,100,51.804083
10599.965,100,51.829398
17157.693,100,51.855194
23292.2845,100,51.877733
16148.474,100,51.901284
19510.6185,100,51.923763
21727.503,100,51.948638
17499.299,100,51.972769
13153.6325,100,51.995668
19136.677,100,52.018038
22810.459,100,52.042495
16858.5065,100,52.066893
18950.8165,100,52.090994
8893.7915,100,52.115826
22023.728,100,52.147172
21895.087,100,52.195122
15752.5185,100,52.219284
19068.0295,100,52.2414
21745.209,100,52.264833
24807.8565,100,52.287423
21922.0795,100,52.311524
13991.19,100,52.334473
18398.776,100,52.360567
22452.3625,100,52.386943
14421.3065,100,52.411851
25646.8535,100,52.437668
16786.4125,100,52.461092
22973.7035,100,52.48326
16912.667,100,52.505592
25287.366,100,52.527939
13974.243,100,52.550916
14358.966,100,52.574548
13343.357,100,52.597643
21154.604,100,52.620923
18604.2935,100,52.644892
22586.646,100,52.667729
17518.118,100,52.690014
17786.101,100,52.712386
12570.0905,100,52.735775
14816.527,100,52.757946
22453.84,100,52.779891
26395.62,100,52.80188
16892.59,100,52.824738
18491.0175,100,52.847687
17140.962,100,52.870384
16842.363,100,52.893374
25661.0405,100,52.917081
14481.4405,100,52.940131
18217.6985,100,52.962855
21787.1605,100,52.985247
21250.022,100,53.00841
17419.2185,100,53.030748
15379.3255,100,53.056926
20943.1625,100,53.082126
20157.8915,100,53.107143
20201.4605,100,53.132899
16233.337,100,53.166091
25508.6215,100,53.192928
20748.0475,100,53.219076
22170.0205,100,53.24304
18857.461,100,53.267297
13045.7975,100,53.291288
24614.8825,100,53.315601
14666.3575,100,53.340249
22998.713,100,53.373698
19769.1755,100,53.406602
15051.221,100,53.440813
17162.2135,100,53.479044
14386.7135,100,53.52171
19163.6775,100,53.545652
12009.4925,100,53.570156
14714.9405,100,53.593357
18982.517,100,53.616771
24576.959,100,53.641425
12968.845,100,53.667227
21840.174,100,53.692316
20828.1485,100,53.717048
15271.3405,100,53.740687
18230.1565,100,53.765091
16723.3635,100,53.788011
16356.82,100,53.810869
17162.477,100,53.833547
18603.989,100,53.857905
9886.752,100,53.882843
16899.929,100,53.908216
15111.2045,100,53.940922
19934.4785,100,53.965073
10104.3355,100,53.987812
21956.1385,100,54.010415
18766.6145,100,54.033186
18366.1885,100,54.057122
17332.3605,100,54.07952
24629.556,100,54.101936
23810.2865,100,54.124176
22764.3735,100,54.14922
23089.447,100,54.173109
15526.6095,100,54.1963
20903.1745,100,54.219704
21905.756,100,54.243952
15046.6335,100,54.266987
18372.581,100,54.290156
20422.6895,100,54.312676
16962.73,100,54.338297
17174.629,100,54.361303
17694.3175,100,54.383651
16952.714,100,54.406446
11087.9465,100,54.43113
23434.8795,100,54.457267
13492.955,100,54.48155
19521.9775,100,54.505898
15652.1175,100,54.531918
15514.7165,100,54.55434
9369.556,100,54.576559
14127.8185,100,54.598686
16297.8355,100,54.622049
20746.202,100,54.644263
26470.408,100,54.666501
20891.9045,100,54.688862
17414.4855,100,54.71239
15144.1645,100,54.73536
14680.208,100,54.758524
14420.0165,100,54.781858
13771.7725,100,54.806065
15388.831,100,54.829094
14131.9785,100,54.851598
9271.221,100,54.873954
18262.822,100,54.896767
19064.32,100,54.919217
11856.9875,100,54.941721
12140.8015,100,54.964361
15183.434,100,54.987486
11503.088,100,55.010954
12176.8105,100,55.03443
18784.093,100,55.057413
24984.793,100,55.081866
21915.503,100,55.105166
16664.198,100,55.127592
14567.667,100,55.149915
20637.8605,100,55.173048
16382.4325,100,55.195145
20262.1955,100,55.217232
13793.4345,100,55.239402
17503.7495,100,55.262301
14574.8335,100,55.285424
13769.9775,100,55.308789
23085.156,100,55.332103
21658.965,100,55.356435
20895.742,100,55.37965
19988.1675,100,55.402992
19666.0845,100,55.426935
15778.0185,100,55.452439
9832.751,100,55.475265
19734.474,100,55.498146
16615.709,100,55.520602
13523.0065,100,55.543905
12829.696,100,55.567641
20284.627,100,55.591064
20479.251,100,55.614346
19274.2575,100,55.638634
17555.735,100,55.66156
19829.2485,100,55.683912
17505.4175,100,55.706098
15379.2535,100,55.729247
15318.3575,100,55.751205
16034.816,100,55.773153
11430.725,100,55.795045
9115.5115,100,55.818037
16639.1315,100,55.841004
20231.6245,100,55.864536
20402.03,100,55.887819
14928.117,100,55.911905
8809.3865,100,55.935161
17094.4985,100,55.957314
14462.3895,100,55.979841
19635.421,100,56.003294
11961.534,100,56.025563
11378.8665,100,56.047746
15650.9015,100,56.069866
16875.093,100,56.093118
15860.1135,100,56.116171
12137.489,100,56.139298
16049.2385,100,56.162527
9552.697,100,56.185963
18205.848,100,56.209069
15610.0205,100,56.231218
12525.811,100,56.253724
18770.026,100,56.276968
16894.342,100,56.299606
11392.859,100,56.323565
18429.028,100,56.346368
17408.169,100,56.369904
21805.5135,100,56.393394
16878.8125,100,56.416984
20021.889,100,56.440192
12662.8525,100,56.465244
12842.306,100,56.488571
21424.1405,100,56.510896
23333.7785,100,56.532987
20987.8195,100,56.556426
19030.627,100,56.578611
18396.6525,100,56.600842
16272.509,100,56.623177
14625.4685,100,56.646476
17704.445,100,56.670785
20261.837,100,56.697873
17670.4105,100,56.722061
22656.808,100,56.746176
18884.3335,100,56.769579
7835.9625,100,56.792084
12603.786,100,56.814341
15834.604,100,56.837759
18827.0245,100,56.860032
15686.7805,100,56.88212
16096.35,100,56.904332
16314.5285,100,56.927441
19845.9095,100,56.950771
15782.127,100,56.973669
17616.0715,100,56.99713
24383.008,100,57.021535
12508.265,100,57.044214
10836.862,100,57.066541
25610.2645,100,57.089125
25219.934,100,57.12095
14693.5725,100,57.143341
22470.7305,100,57.165528
19479.6075,100,57.187573
17292.099,100,57.21116
20373.9255,100,57.236839
18393.094,100,57.261248
19832.15,100,57.284722
17833.418,100,57.308944
13407.263,100,57.33131
19370.2345,100,57.353556
18089.681,100,57.375491
17828.5325,100,57.398741
18443.947,100,57.4209
15850.8075,100,57.442945
16642.437,100,57.465116
20567.707,100,57.48869
18096.9735,100,57.512248
22825.4375,100,57.535057
14903.8295,100,57.558268
15722.3645,100,57.582256
16711.8125,100,57.605274
17239.423,100,57.627527
13382.928,100,57.649852
14981.9085,100,57.672562
15348.3085,100,57.694844
17316.065,100,57.717324
16183.408,100,57.739311
14542.674,100,57.762411
16006.1005,100,57.785498
21005.7515,100,57.808899
18859.1265,100,57.83268
17447.6235,100,57.85654
17176.63,100,57.879714
20166.6295,100,57.902137
18659.4705,100,57.924316
17966.2645,100,57.947531
21014.509,100,57.969715
17339.0535,100,57.991854
16576.398,100,58.014189
19378.471,100,58.037315
18696.3925,100,58.060253
11412.1435,100,58.08393
16463.041,100,58.107408
17397.3365,100,58.131298
15345.9165,100,58.154099
19608.002,100,58.176732
15413.917,100,58.198922
15776.8795,100,58.222131
16286.937,100,58.244401
16279.377,100,58.266564
14847.298,100,58.288889
13508.389,100,58.311695
18644.373,100,58.334468
16449.6185,100,58.357998
16643.1035,100,58.38135
17077.186,100,58.405671
15470.4505,100,58.428714
24720.811,100,58.450802
13707.6265,100,58.473189
22651.007,100,58.49599
18299.283,100,58.518513
15623.68,100,58.541388
17554.979,100,58.563732
19462.2955,100,58.586655
21905.301,100,58.609827
23043.2855,100,58.633624
17677.2995,100,58.656799
21997.898,100,58.680634
17357.2265,100,58.703566
21269.6985,100,58.725854
16025.398,100,58.747838
17493.675,100,58.770814
20320.393,100,58.792819
20667.249,100,58.814916
19424.653,100,58.837086
16872.147,100,58.860414
15714.698,100,58.883492
14733.72,100,58.906358
17479.4225,100,58.929473
19899.43,100,58.953575
19376.878,100,58.976755
15098.0315,100,58.999233
18751.131,100,59.021641
13128.902,100,59.044732
19579.2945,100,59.066954
18731.78,100,59.089364
18610.365,100,59.111715
12219.2425,100,59.134938
19836.1165,100,59.158046
11922.977,100,59.18136
20244.257,100,59.204581
15128.7775,100,59.228613
14418.154,100,59.251744
22922.0135,100,59.274185
20460.5335,100,59.29652
16735.795,100,59.319887
13139.8695,100,59.342003
17707.0885,100,59.36401
13787.031,100,59.385979
20880.8605,100,59.408952
13148.289,100,59.432257
18494.5775,100,59.455628
24839.7195,100,59.478815
20311.8635,100,59.502531
19782.4865,100,59.52595
15336.4035,100,59.549092
18643.787,100,59.571444
14258.374,100,59.59466
22950.22,100,59.616852
12738.424,100,59.639009
22985.524,100,59.661226
15126.0665,100,59.684212
15388.581,100,59.706854
21448.8895,100,59.730145
21036.9095,100,59.753319
15768.4485,100,59.777281
17928.9725,100,59.799913
12437.742,100,59.822338
15355.946,100,59.844629
18663.6895,100,59.86784
17679.389,100,59.890252
28093.9865,100,59.912334
14514.486,100,59.934589
18269.712,100,59.957318
16105.2175,100,59.97987
17810.3815,100,60.003109
13062.254,100,60.026625
14474.3595,100,60.050473
15578.493,100,60.073926
17546.022,100,60.096419
14995.7265,100,60.118458
19625.5355,100,60.141507
18593.9885,100,60.163607
21709.9955,100,60.185765
13678.1515,100,60.207808
8103.569,100,60.230769
16319.5555,100,60.253985
19950.8185,100,60.277
15777.5255,100,60.299871
22045.7155,100,60.324095
13133.8565,100,60.347113
16884.174,100,60.369443
25147.951,100,60.391905
19662.293,100,60.415132
11142.279,100,60.437123
19916.897,100,60.459565
13334.76,100,60.481746
13860.8745,100,60.504883
12524.387,100,60.528129
20628.4995,100,60.551726
20590.6215,100,60.574569
18119.9065,100,60.598324
21267.673,100,60.621381
14554.7085,100,60.644037
19474.4765,100,60.666647
14150.1645,100,60.690088
15458.2495,100,60.712224
17168.7465,100,60.734559
22177.6055,100,60.756896
27119.472,100,60.779761
21917.681,100,60.802976
25602.481,100,60.825677
20932.8285,100,60.848754
18838.615,100,60.872693
14273.7325,100,60.895817
16386.9395,100,60.918551
18853.1345,100,60.940589
13687.4245,100,60.963604
19939.1105,100,60.985902
17873.288,100,61.008059
17255.439,100,61.030304
19000.6655,100,61.053373
17607.0615,100,61.076117
21794.0075,100,61.099359
12561.793,100,61.122677
18062.85,100,61.146953
20216.009,100,61.170003
14955.738,100,61.192606
18606.1405,100,61.214928
15558.562,100,61.238045
19341.804,100,61.260136
18971.284,100,61.282283
15049.9725,100,61.304427
25116.7085,100,61.327293
14992.966,100,61.350303
15514.621,100,61.373631
15527.589,100,61.396849
15634.6135,100,61.420733
20834.3755,100,61.443352
24688.812,100,61.465662
18567.856,100,61.487883
23949.061,100,61.510953
21172.378,100,61.533051
14903.442,100,61.555577
19290.625,100,61.57786
15539.7985,100,61.60077
15211.712,100,61.62363
13836.177,100,61.646676
17377.2725,100,61.67014
14978.683,100,61.694129
14203.904,100,61.717264
13101.9385,100,61.739735
15495.0285,100,61.762067
19105.432,100,61.785027
20164.0505,100,61.807286
21314.3475,100,61.829932
13833.3415,100,61.852021
8598.4995,100,61.874856
15623.369,100,61.897575
20735.8015,100,61.920897
16893.7,100,61.943881
12935.445,100,61.967894
14205.367,100,61.990699
22244.3915,100,62.013362
12489.426,100,62.035602
20320.4585,100,62.058904
12079.58,100,62.080875
22159.2855,100,62.103071
21752.757,100,62.12524
15070.8155,100,62.148298
17528.4705,100,62.17164
19904.3015,100,62.19506
17951.611,100,62.218833
14452.669,100,62.242712
13772.5715,100,62.265109
16297.8765,100,62.28761
17564.684,100,62.309762
13031.177,100,62.332819
20193.3985,100,62.355153
12778.4635,100,62.377402
16919.757,100,62.399439
13925.881,100,62.422401
21991.567,100,62.445817
12235.729,100,62.469175
14852.929,100,62.492227
17561.183,100,62.516374
21290.5615,100,62.539579
19421.9955,100,62.562026
21581.8195,100,62.58491
9898.549,100,62.607906
17043.812,100,62.630068
17090.2445,100,62.652256
16488.272,100,62.674455
17637.351,100,62.6972
15790.229,100,62.720019
17520.3815,100,62.743378
12489.867,100,62.766518
24137.623,100,62.790607
9918.144,100,62.813284
15545.2285,100,62.83544
11282.4205,100,62.857671
19242.6125,100,62.880795
15170.1655,100,62.902844
21449.976,100,62.924971
20998.9245,100,62.947005
17090.4035,100,62.970098
14261.527,100,62.993354
15385.716,100,63.016617
14436.533,100,63.039837
20913.098,100,63.063662
21655.0645,100,63.086599
19170.061,100,63.108876
11456.1665,100,63.131108
22705.786,100,63.154182
16207.3,100,63.176714
16534.817,100,63.199246
19540.141,100,63.22153
16168.097,100,63.244279
23322.2005,100,63.267563
18385.4465,100,63.29076
13648.7465,100,63.313674
17408.3485,100,63.337986
21822.725,100,63.360876
10750.8725,100,63.383121
16808.987,100,63.40532
17300.848,100,63.428663
13350.864,100,63.450991
17945.547,100,63.473223
16780.3045,100,63.495265
19685.4015,100,63.517946
22604.8995,100,63.540927
16466.682,100,63.564055
13252.202,100,63.587714
12646.361,100,63.611381
15804.542,100,63.634513
17741.3245,100,63.657128
13173.1625,100,63.679463
22006.458,100,63.702598
16338.122,100,63.724739
18728.3685,100,63.746951
19528.2635,100,63.769158
13630.2725,100,63.792034
12832.5855,100,63.815342
15751.3225,100,63.838716
15338.845,100,63.862139
4884.393,100,63.886565
15073.3975,100,63.909047
21356.621,100,63.931383
16193.638,100,63.953456
16816.5725,100,63.976649
17913.494,100,63.998942
15538.5725,100,64.02118
18692.6885,100,64.043278
21752.279,100,64.066213
18854.629,100,64.08886
20017.7235,100,64.11219
17781.6265,100,64.135301
17361.2255,100,64.159205
9729.726,100,64.182369
12575.993,100,64.204786
5766.6675,100,64.226945
12325.3055,100,64.249928
19807.882,100,64.272339
13522.575,100,64.294594
16396.4445,100,64.316903
16004.3635,100,64.340267
9500.736,100,64.36336
14225.532,100,64.386546
16905.9875,100,64.409954
16827.0165,100,64.43406
20011.762,100,64.462415
12900.6235,100,64.489832
8154.103,100,64.513592
17700.0355,100,64.536814
16590.978,100,64.559029
23228.134,100,64.581682
21228.5005,100,64.604426
10603.168,100,64.628541
14902.45,100,64.651659
14936.7615,100,64.675284
23324.5385,100,64.698604
18654.1185,100,64.722377
19325.0745,100,64.745057
17059.7725,100,64.77597
20108.668,100,64.830302
20131.2245,100,64.855234
15156.574,100,64.87763
15263.0045,100,64.899903
18936.153,100,64.924036
15118.839,100,64.947985
19402.7695,100,64.971522
21999.773,100,64.995318
17096.891,100,65.018094
14535.5195,100,65.041477
18404.344,100,65.063721
14984.4095,100,65.086084
15647.368,100,65.108224
16791.159,100,65.13133
12139.571,100,65.155315
18165.397,100,65.179752
17590.293,100,65.203675
22412.4655,100,65.227544
13111.6045,100,65.2506
19368.0995,100,65.273102
16846.4355,100,65.295496
22060.2945,100,65.318582
20017.366,100,65.340869
17622.2635,100,65.362927
16457.426,100,65.384916
12727.0955,100,65.408136
19135.2635,100,65.430788
15012.895,100,65.454144
16435.0075,100,65.477701
18595.034,100,65.502035
18581.5835,100,65.524406
20558.5435,100,65.54703
8588.4805,100,65.569215
12896.1755,100,65.592229
16020.0515,100,65.614217
12353.8895,100,65.636143
24029.6905,100,65.658429
14253.2555,100,65.681738
19929.2245,100,65.70474
14102.6385,100,65.727869
12639.065,100,65.750563
20835.7045,100,65.774941
17292.4845,100,65.798102
21050.3595,100,65.820671
12751.4725,100,65.843049
11598.6235,100,65.866313
11341.9795,100,65.888644
14098.755,100,65.910916
13197.8955,100,65.9332
19425.148,100,65.956154
9329.5,100,65.979046
16636.299,100,66.002073
17959.063,100,66.026267
13264.183,100,66.05031
15572.099,100,66.072897
14276.292,100,66.095071
17442.2635,100,66.11763
11580.0,100,66.140547
15929.707,100,66.162471
14543.5755,100,66.184625
10448.0785,100,66.206769
22771.649,100,66.229691
9238.851,100,66.251909
15751.4075,100,66.275241
19847.884,100,66.298363
17875.363,100,66.322417
19501.87,100,66.345887
8780.6905,100,66.368
19683.414,100,66.3903
16565.9085,100,66.413384
19970.7275,100,66.435702
12380.9845,100,66.458363
15507.718,100,66.480611
15452.4125,100,66.503487
16199.186,100,66.526874
22107.2525,100,66.549865
14099.938,100,66.573116
17252.6465,100,66.597278
15554.0875,100,66.620064
11701.2255,100,66.642497
15044.999,100,66.664592
15068.5125,100,66.68811
11783.4835,100,66.710464
21058.567,100,66.732657
19034.7805,100,66.7549
11977.722,100,66.77777
15890.12,100,66.800533
16152.6405,100,66.823617
14529.6675,100,66.846786
15000.148,100,66.870416
13008.164,100,66.89343
14722.894,100,66.916061
17983.0015,100,66.938191
14110.9985,100,66.961364
13192.684,100,66.983521
17891.776,100,67.005572
15850.0895,100,67.027768
17292.118,100,67.050623
18499.1945,100,67.073608
18771.7135,100,67.096659
13072.5665,100,67.119514
13760.6945,100,67.143481
19552.994,100,67.166696
16161.815,100,67.188945
13128.839,100,67.21105
19816.589,100,67.234085
16279.9295,100,67.25619
18658.941,100,67.278603
21071.689,100,67.300992
14532.31,100,67.323905
9872.21,100,67.346957
12622.306,100,67.370314
9578.2275,100,67.393766
8362.4075,100,67.417424
15852.718,100,67.440346
9675.938,100,67.462527
14004.455,100,67.48472
16252.2595,100,67.507972
17860.6495,100,67.53025
13967.0245,100,67.552385
15384.2045,100,67.574432
13319.0755,100,67.597763
22398.992,100,67.62108
16558.5105,100,67.644033
14770.328,100,67.667278
11841.822,100,67.691146
10468.9,100,67.714407
14213.6815,100,67.736626
12201.537,100,67.758969
15368.54,100,67.782164
17964.246,100,67.804559
11092.002,100,67.827117
23077.673,100,67.849291
18959.23,100,67.87201
14453.566,100,67.895453
12689.8555,100,67.918749
11139.1415,100,67.942014
12308.4435,100,67.965928
20874.245,100,67.988574
12757.211,100,68.010819
15948.177,100,68.032905
14582.0015,100,68.056532
20511.4045,100,68.07882
13339.275,100,68.101072
12134.177,100,68.123183
18935.96,100,68.14626
20267.7025,100,68.169369
13215.289,100,68.19217
10625.34,100,68.21556
9778.263,100,68.239433
16002.089,100,68.262397
14424.0605,100,68.285001
17272.423,100,68.307111
19871.397,100,68.330054
14199.669,100,68.352236
18991.9245,100,68.374778
12005.701,100,68.397001
12740.8965,100,68.419911
14514.799,100,68.443076
14336.3075,100,68.466077
16045.215,100,68.489567
15492.62,100,68.513869
20957.754,100,68.536863
10352.9475,100,68.559269
15899.023,100,68.581602
18448.075,100,68.604565
16358.313,100,68.626787
17400.1505,100,68.648872
17607.2025,100,68.671089
18493.3765,100,68.694067
18279.1005,100,68.71708
14707.075,100,68.740298
19664.413,100,68.763246
14698.3365,100,68.787071
20719.5755,100,68.809736
18164.769,100,68.832055
20637.734,100,68.854137
14052.5,100,68.877272
19888.1135,100,68.899844
23312.8625,100,68.922067
20240.721,100,68.944341
